Dates,Pollster,Sample,Influence,Approve,Disapprove,Net
"4/3 - 4/7, 2025@@23838",<a href='https://poll.qu.edu/poll-release?releaseid=3922'style='color:#000000; text-decoration: underline;'target='_blank' rel='nofollow noopener'>Quinnipiac University</a>,"1,407 RV@@1407",1.006305,41,53,-12
"4/1 - 4/3, 2025@@23834",<a href='https://www.cygn.al/wp-content/uploads/2025/04/22974-Cygnal-National-NVT-Apr25-Deck-Public.pdf'style='color:#000000; text-decoration: underline;'target='_blank' rel='nofollow noopener'>Cygnal</a>,"1,500 LV@@1500",0.9045921,47,51.2,-4.200001
"4/4 - 4/7, 2025@@23838",<a href='https://www.harrisx.com/content/full-harrisx-overnight-poll-tariff-findings'style='color:#000000; text-decoration: underline;'target='_blank' rel='nofollow noopener'>Harris Insights & Analytics</a>,"1,883 RV@@1883",0.8299246,47,49,-2
"4/1 - 4/7, 2025@@23838",<a href='https://pro.morningconsult.com/trackers/global-leader-approval'style='color:#000000; text-decoration: underline;'target='_blank' rel='nofollow noopener'>Morning Consult</a>,"45,000 A@@45000",0.7491348,47.8,45.96,1.84
"4/8 - 4/11, 2025@@23842",<a href='https://www.cbsnews.com/news/poll-trump-tariffs-13-04-2025/'style='color:#000000; text-decoration: underline;'target='_blank' rel='nofollow noopener'>YouGov</a>^Sponsor: CBS News^,"2,410 A@@2410",0.733705,47,53,-6
"4/2 - 4/10, 2025@@23841",<a href='https://napolitannews.org/jobapproval'style='color:#000000; text-decoration: underline;'target='_blank' rel='nofollow noopener'>RMG Research</a>^Sponsor: Napolitan News Service^,"3,000 RV@@3000",0.7209791,49,48,1
"4/4 - 4/10, 2025@@23841",<a href='https://www.rasmussenreports.com/public_content/politics/trump_administration_second_term/trump_approval_index_history_second_term#google_vignette'style='color:#000000; text-decoration: underline;'target='_blank' rel='nofollow noopener'>Rasmussen Reports</a>,"1,500 LV@@1500",0.68915,48,50,-2
"4/3 - 4/7, 2025@@23838",<a href='https://navigatorresearch.org/wp-content/uploads/2025/04/Navigator-Update-04.08.2025.pdf?emci=7876fdc2-1314-f011-8b3d-0022482a9fb7&emdi=41fa485e-7914-f011-8b3d-0022482a9fb7&ceid=1396968'style='color:#000000; text-decoration: underline;'target='_blank' rel='nofollow noopener'>Global Strategy Group/GBAO (Navigator Research)</a>,"1,000 RV@@1000",0.6079074,44,53,-9
"4/7 - 4/10, 2025@@23841",<a href='https://d3nkl3psvxxpe9.cloudfront.net/documents/Trump_s_Presidency_poll_results.pdf'style='color:#000000; text-decoration: underline;'target='_blank' rel='nofollow noopener'>YouGov</a>,"1,151 A@@1151",0.4945251,41,54,-13
"4/5 - 4/8, 2025@@23839",<a href='https://d3nkl3psvxxpe9.cloudfront.net/documents/econTabReport_pXJ0PxA.pdf#page31'style='color:#000000; text-decoration: underline;'target='_blank' rel='nofollow noopener'>YouGov</a>^Sponsor: Economist^,"1,741 A@@1741",0.4879562,43,51,-8
"4/1 - 4/3, 2025@@23834",<a href='https://jlpartners.com/trump-tracker-early-april-2025'style='color:#000000; text-decoration: underline;'target='_blank' rel='nofollow noopener'>J.L. Partners</a>^Sponsor: Daily Mail^,"1,019 RV@@1019",0.4791183,47,42,5
"3/26 - 3/28, 2025@@23828",<a href='https://tippinsights.com/alls-well-that-begins-well-tipp-poll-confirms-trumps-solid-start/'style='color:#000000; text-decoration: underline;'target='_blank' rel='nofollow noopener'>TIPP Insights</a>,"1,452 A@@1452",0.4376351,44,45,-1
"3/31 - 4/2, 2025@@23833",<a href='https://www.ipsos.com/sites/default/files/ct/news/documents/2025-04/Reuters%20Ipsos%20Signalgate%20Tariffs%20Survey%20Topline%20April%202%202025%20.pdf'style='color:#000000; text-decoration: underline;'target='_blank' rel='nofollow noopener'>Ipsos</a>^Sponsor: Reuters^,"1,468 A@@1468",0.4159498,43,53,-10
"3/27 - 4/1, 2025@@23832",<a href='https://prod-i.a.dj.com/public/resources/documents/March_2025_WSJPoll.pdf'style='color:#000000; text-decoration: underline;'target='_blank' rel='nofollow noopener'>Fabrizio Lee & Associates/Impact Research</a>^Sponsor: Wall Street Journal^,"1,500 RV@@1500",0.3940095,46,51,-5
"3/26 - 3/27, 2025@@23827",<a href='https://harvardharrispoll.com/key-results-march-5/'style='color:#000000; text-decoration: underline;'target='_blank' rel='nofollow noopener'>Harris Insights & Analytics</a>^Sponsor: Harvard CAPS^,"2,746 RV@@2746",0.3361349,49,46,3
"3/26 - 4/3, 2025@@23834",<a href='https://napolitannews.org/jobapproval'style='color:#000000; text-decoration: underline;'target='_blank' rel='nofollow noopener'>RMG Research</a>^Sponsor: Napolitan News Service^,"3,000 RV@@3000",0.2557725,51,47,4
"4/4 - 4/6, 2025@@23837",<a href='https://pro.morningconsult.com/trackers/donald-trump-congress-policy-republicans-polling'style='color:#000000; text-decoration: underline;'target='_blank' rel='nofollow noopener'>Morning Consult</a>,"2,207 RV@@2207",0.2551516,46,52,-6
"3/24 - 3/28, 2025@@23828",<a href='https://overtoninsights.com/wp-content/uploads/2025/04/Overton-Insights-Poll-April-2025-Crosstabs-Party-Ideology-2024-Vote-1.pdf'style='color:#000000; text-decoration: underline;'target='_blank' rel='nofollow noopener'>Targoz Market Research</a>^Sponsor: Overton Insights^,"1,200 RV@@1200",0.2544433,46,51,-5
"3/17 - 3/27, 2025@@23827",<a href='https://www.marquette.edu/news-center/2025/marquette-law-school-national-survey-finds-public-skeptical-of-tariffs-inflation-trends-positive-on-nation-s-direction.php'style='color:#000000; text-decoration: underline;'target='_blank' rel='nofollow noopener'>Marquette University Law School</a>,"1,021 A@@1021",0.246133,46,54,-8
"3/25 - 3/27, 2025@@23827",<a href='https://jlpartners.com/trump-tracker-march-2025'style='color:#000000; text-decoration: underline;'target='_blank' rel='nofollow noopener'>J.L. Partners</a>^Sponsor: Daily Mail^,"1,001 RV@@1001",0.2151977,45,46,-1
"3/30 - 4/1, 2025@@23832",<a href='https://d3nkl3psvxxpe9.cloudfront.net/documents/econTabReport_Uo7FRzc.pdf#page35'style='color:#000000; text-decoration: underline;'target='_blank' rel='nofollow noopener'>YouGov</a>^Sponsor: Economist^,"1,626 A@@1626",0.2025547,46,49,-3
"3/30 - 4/1, 2025@@23832",<a href='https://d3nkl3psvxxpe9.cloudfront.net/documents/econTabReport_Uo7FRzc.pdf#page35'style='color:#000000; text-decoration: underline;'target='_blank' rel='nofollow noopener'>YouGov</a>^Sponsor: Economist^,"1,626 A@@1626",0.2025547,46,49,-3
"3/20 - 3/24, 2025@@23824",<a href='https://apnorc.org/wp-content/uploads/2025/03/March-2025-topline-Trump-.pdf'style='color:#000000; text-decoration: underline;'target='_blank' rel='nofollow noopener'>AP-NORC</a>,"1,229 A@@1229",0.1862338,42,56,-14
"3/27 - 3/28, 2025@@23828",<a href='https://www.scribd.com/document/844532642/cbsnews-20250330-SUN-1'style='color:#000000; text-decoration: underline;'target='_blank' rel='nofollow noopener'>YouGov</a>^Sponsor: CBS News^,"2,609 A@@2609",0.1680962,50,50,0
"3/17 - 3/23, 2025@@23823",<a href='https://www.thirdway.org/memo/breaking-through-the-noise-on-trumps-chaotic-first-two-months'style='color:#000000; text-decoration: underline;'target='_blank' rel='nofollow noopener'>GBAO</a>^Sponsor: Third Way^,"2,000 RV@@2000",0.130147,48,50,-2
"3/28 - 4/3, 2025@@23834",<a href='https://www.rasmussenreports.com/public_content/politics/trump_administration_second_term/trump_approval_index_history_second_term'style='color:#000000; text-decoration: underline;'target='_blank' rel='nofollow noopener'>Rasmussen Reports</a>,"1,500 LV@@1500",0.1244259,49,50,-1
"3/28 - 3/30, 2025@@23830",<a href='https://pro.morningconsult.com/trackers/donald-trump-congress-policy-republicans-polling'style='color:#000000; text-decoration: underline;'target='_blank' rel='nofollow noopener'>Morning Consult</a>,"2,210 RV@@2210",0.1117653,47,50,-3
"3/18 - 3/27, 2025@@23827",<a href='https://napolitannews.org/posts/president-trump-job-approval-rating-52-percent-approve-45-disapprove'style='color:#000000; text-decoration: underline;'target='_blank' rel='nofollow noopener'>RMG Research</a>^Sponsor: Napolitan News Service^,"2,000 RV@@2000",0.0935603,52,45,7
"3/21 - 3/23, 2025@@23823",<a href='https://www.reuters.com/world/us/majority-americans-believe-presidents-should-obey-courts-reutersipsos-poll-finds-2025-03-25/'style='color:#000000; text-decoration: underline;'target='_blank' rel='nofollow noopener'>Ipsos</a>^Sponsor: Reuters^,"1,030 A@@1030",0.0913268,45,51,-6
"3/14 - 3/17, 2025@@23817",<a href='https://www.foxnews.com/politics/fox-news-poll-trump-republicans-record-high-ratings-democrats-falter'style='color:#000000; text-decoration: underline;'target='_blank' rel='nofollow noopener'>Beacon Research/Shaw & Co. Research</a>^Sponsor: FOX News^,994 RV@@994,0.0912734,49,51,-2
"3/22 - 3/25, 2025@@23825",<a href='https://d3nkl3psvxxpe9.cloudfront.net/documents/econTabReport_o8LZals.pdf'style='color:#000000; text-decoration: underline;'target='_blank' rel='nofollow noopener'>YouGov</a>^Sponsor: Economist^,"1,600 A@@1600",0.0899763,48,46,2
"4/3 - 4/9, 2025@@23840",<a href='https://www.rasmussenreports.com/public_content/politics/trump_administration_second_term/trump_approval_index_history_second_term#google_vignette'style='color:#000000; text-decoration: underline;'target='_blank' rel='nofollow noopener'>Rasmussen Reports</a>,"1,500 LV@@1500",0.0892863,47,52,-5
"3/17 - 3/20, 2025@@23820",<a href='https://americanresearchgroup.com/economy/'style='color:#000000; text-decoration: underline;'target='_blank' rel='nofollow noopener'>American Research Group</a>,"1,100 A@@1100",0.0840952,45,51,-6
"4/2 - 4/8, 2025@@23839",<a href='https://www.rasmussenreports.com/public_content/politics/trump_administration_second_term/trump_approval_index_history_second_term#google_vignette'style='color:#000000; text-decoration: underline;'target='_blank' rel='nofollow noopener'>Rasmussen Reports</a>,"1,500 LV@@1500",0.0806059,47,52,-5
"3/31 - 4/4, 2025@@23835",<a href='https://www.rasmussenreports.com/public_content/politics/trump_administration_second_term/trump_approval_index_history_second_term#google_vignette'style='color:#000000; text-decoration: underline;'target='_blank' rel='nofollow noopener'>Rasmussen Reports</a>,"1,500 LV@@1500",0.0790609,48,51,-3
"4/1 - 4/7, 2025@@23838",<a href='https://www.rasmussenreports.com/public_content/politics/trump_administration_second_term/trump_approval_index_history_second_term#google_vignette'style='color:#000000; text-decoration: underline;'target='_blank' rel='nofollow noopener'>Rasmussen Reports</a>,"1,500 LV@@1500",0.0723916,47,51,-4
"3/20 - 3/24, 2025@@23824",<a href='https://www.yahoo.com/news/more-americans-say-trumps-second-term-has-been-worse-than-expected-according-to-a-new-poll-120010590.html'style='color:#000000; text-decoration: underline;'target='_blank' rel='nofollow noopener'>YouGov</a>^Sponsor: Yahoo News^,"1,677 A@@1677",0.0672826,44,50,-6
"3/13 - 3/17, 2025@@23817",<a href='https://www.defendingdemocracytogether.org/app/uploads/2025/03/Elon-Musk-Poll-Toplines-Defending-Democracy-Together.pdf'style='color:#000000; text-decoration: underline;'target='_blank' rel='nofollow noopener'>North Star Opinion Research</a>^Sponsor: Defending Democracy Together^,"1,000 RV@@1000",0.0622845,46,51,-5
"3/21 - 3/27, 2025@@23827",<a href='https://www.rasmussenreports.com/public_content/politics/trump_administration_second_term/trump_approval_index_history_second_term'style='color:#000000; text-decoration: underline;'target='_blank' rel='nofollow noopener'>Rasmussen Reports</a>,"1,500 LV@@1500",0.0541758,50,49,1
"3/21 - 3/23, 2025@@23823",<a href='https://pro.morningconsult.com/trackers/donald-trump-congress-policy-republicans-polling?utm_source=newsletter&utm_medium=email&utm_campaign=our_best_intel&utm_content=032425'style='color:#000000; text-decoration: underline;'target='_blank' rel='nofollow noopener'>Morning Consult</a>,"2,206 RV@@2206",0.047746,47,51,-4
"3/13 - 3/14, 2025@@23814",<a href='https://blueprint-research.com/polling/trump-musk-vulnerabilities-topline/'style='color:#000000; text-decoration: underline;'target='_blank' rel='nofollow noopener'>Blueprint Polling</a>,"1,400 LV@@1400",0.0454345,45,51,-6
"3/13 - 3/17, 2025@@23817",<a href='https://navigatorresearch.org/wp-content/uploads/2025/03/Navigator-Topline-F03.17.25.pdf'style='color:#000000; text-decoration: underline;'target='_blank' rel='nofollow noopener'>Global Strategy Group/GBAO (Navigator Research)</a>,"1,000 RV@@1000",0.0367976,47,49,-2
"3/27 - 4/2, 2025@@23833",<a href='https://www.rasmussenreports.com/public_content/politics/trump_administration_second_term/trump_approval_index_history_second_term'style='color:#000000; text-decoration: underline;'target='_blank' rel='nofollow noopener'>Rasmussen Reports</a>,"1,500 LV@@1500",0.0343461,49,49,0
"3/12 - 3/19, 2025@@23819",<a href='https://napolitannews.org/posts/president-trump-job-approval-rating-53-percent-approve-45-disapprove'style='color:#000000; text-decoration: underline;'target='_blank' rel='nofollow noopener'>RMG Research</a>^Sponsor: Napolitan News Service^,"3,000 RV@@3000",0.0326599,53,45,8
"3/24 - 3/28, 2025@@23828",<a href='https://www.rasmussenreports.com/public_content/politics/trump_administration_second_term/trump_approval_index_history_second_term'style='color:#000000; text-decoration: underline;'target='_blank' rel='nofollow noopener'>Rasmussen Reports</a>,"1,500 LV@@1500",0.0326033,50,48,2
"3/26 - 4/1, 2025@@23832",<a href='https://www.rasmussenreports.com/public_content/politics/trump_administration_second_term/trump_approval_index_history_second_term'style='color:#000000; text-decoration: underline;'target='_blank' rel='nofollow noopener'>Rasmussen Reports</a>,"1,500 LV@@1500",0.0314581,50,49,1
"3/16 - 3/18, 2025@@23818",<a href='https://d3nkl3psvxxpe9.cloudfront.net/documents/econTabReport_ngfganU.pdf#page40'style='color:#000000; text-decoration: underline;'target='_blank' rel='nofollow noopener'>YouGov</a>^Sponsor: Economist^,"1,618 A@@1618",0.0288023,45,50,-5
"3/25 - 3/31, 2025@@23831",<a href='https://www.rasmussenreports.com/public_content/politics/trump_administration_second_term/trump_approval_index_history_second_term'style='color:#000000; text-decoration: underline;'target='_blank' rel='nofollow noopener'>Rasmussen Reports</a>,"1,500 LV@@1500",0.028658,51,48,3
"3/10 - 3/13, 2025@@23813",<a href='https://echelonin.wpenginepowered.com/wp-content/uploads/March-2025-Voter-Omnibus-Topline-External.pdf'style='color:#000000; text-decoration: underline;'target='_blank' rel='nofollow noopener'>Echelon Insights</a>,"1,007 LV@@1007",0.024309,49,48,1
"3/14 - 3/20, 2025@@23820",<a href='https://www.rasmussenreports.com/public_content/politics/trump_administration_second_term/trump_approval_index_history_second_term'style='color:#000000; text-decoration: underline;'target='_blank' rel='nofollow noopener'>Rasmussen Reports</a>,"1,500 LV@@1500",0.0169776,51,47,4
"3/20 - 3/26, 2025@@23826",<a href='https://www.rasmussenreports.com/public_content/politics/trump_administration_second_term/trump_approval_index_history_second_term'style='color:#000000; text-decoration: underline;'target='_blank' rel='nofollow noopener'>Rasmussen Reports</a>,"1,500 LV@@1500",0.0155661,51,48,3
"3/14 - 3/16, 2025@@23816",<a href='https://pro.morningconsult.com/trackers/donald-trump-congress-policy-republicans-polling'style='color:#000000; text-decoration: underline;'target='_blank' rel='nofollow noopener'>Morning Consult</a>,"2,210 RV@@2210",0.0139315,48,50,-2
"3/19 - 3/25, 2025@@23825",<a href='https://www.rasmussenreports.com/public_content/politics/trump_administration_second_term/trump_approval_index_history_second_term'style='color:#000000; text-decoration: underline;'target='_blank' rel='nofollow noopener'>Rasmussen Reports</a>,"1,500 LV@@1500",0.0131107,52,47,5
"3/11 - 3/12, 2025@@23812",<a href='https://www.reuters.com/data/trumps-approval-rating-2025-01-21/'style='color:#000000; text-decoration: underline;'target='_blank' rel='nofollow noopener'>Ipsos</a>^Sponsor: Reuters^,"1,422 A@@1422",0.0108319,44,52,-8
"3/18 - 3/24, 2025@@23824",<a href='https://www.rasmussenreports.com/public_content/politics/trump_administration_second_term/trump_approval_index_history_second_term'style='color:#000000; text-decoration: underline;'target='_blank' rel='nofollow noopener'>Rasmussen Reports</a>,"1,500 LV@@1500",0.0106717,51,47,4
"3/17 - 3/21, 2025@@23821",<a href='https://www.rasmussenreports.com/public_content/politics/trump_administration_second_term/trump_approval_index_history_second_term'style='color:#000000; text-decoration: underline;'target='_blank' rel='nofollow noopener'>Rasmussen Reports</a>,"1,500 LV@@1500",0.0103178,52,46,6
"3/13 - 3/19, 2025@@23819",<a href='https://www.rasmussenreports.com/public_content/politics/trump_administration_second_term/trump_approval_index_history_second_term'style='color:#000000; text-decoration: underline;'target='_blank' rel='nofollow noopener'>Rasmussen Reports</a>,"1,500 LV@@1500",0.0048356,50,48,2
"3/12 - 3/18, 2025@@23818",<a href='https://www.rasmussenreports.com/public_content/politics/trump_administration_second_term/trump_approval_index_history_second_term'style='color:#000000; text-decoration: underline;'target='_blank' rel='nofollow noopener'>Rasmussen Reports</a>,"1,500 LV@@1500",0.004023,50,48,2
"3/11 - 3/17, 2025@@23817",<a href='https://www.rasmussenreports.com/public_content/politics/trump_administration_second_term/trump_approval_index_history_second_term'style='color:#000000; text-decoration: underline;'target='_blank' rel='nofollow noopener'>Rasmussen Reports</a>,"1,500 LV@@1500",0.0032144,50,47,3
"3/10 - 3/14, 2025@@23814",<a href='https://www.rasmussenreports.com/public_content/politics/trump_administration_second_term/trump_approval_index_history_second_term'style='color:#000000; text-decoration: underline;'target='_blank' rel='nofollow noopener'>Rasmussen Reports</a>,"1,500 LV@@1500",0.0022461,50,48,2
"2/24 - 2/25, 2025@@23797",<a href='https://jlpartners.com/doge-poll'style='color:#000000; text-decoration: underline;'target='_blank' rel='nofollow noopener'>J.L. Partners</a>^Sponsor: DailyMail.com^,"1,001 RV@@1001",0,45,39,6
"3/3 - 3/5, 2025@@23805",<a href='https://www.cygn.al/wp-content/uploads/2025/03/22915-Cygnal-National-NVT-Mar25-Deck-Public.pdf'style='color:#000000; text-decoration: underline;'target='_blank' rel='nofollow noopener'>Cygnal</a>,"1,500 LV@@1500",0,47.4,50.7,-3.299999
"1/24 - 1/26, 2025@@23767",<a href='https://pro.morningconsult.com/trackers/donald-trump-congress-policy-republicans-polling'style='color:#000000; text-decoration: underline;'target='_blank' rel='nofollow noopener'>Morning Consult</a>,"2,302 RV@@2302",0,52,44,8
"1/22 - 1/24, 2025@@23765",<a href='https://researchco.ca/2025/01/27/immigration-usa/'style='color:#000000; text-decoration: underline;'target='_blank' rel='nofollow noopener'>Research Co.</a>,"1,001 A@@1001",0,50,46,4
"2/17 - 2/19, 2025@@23791",<a href='https://onmessageinc.com/wp-content/uploads/2025/03/National-Survey-RAD-Conference-3-25-RAD-conference-3-5-25.pdf'style='color:#000000; text-decoration: underline;'target='_blank' rel='nofollow noopener'>OnMessage Inc.</a>^Sponsor: Rescuing the American Dream^,"1,000 LV@@1000",0,50,49,1
"1/24 - 1/26, 2025@@23767",<a href='https://www.reuters.com/world/us/americans-sour-some-trumps-early-moves-reutersipsos-poll-finds-2025-01-28/'style='color:#000000; text-decoration: underline;'target='_blank' rel='nofollow noopener'>Ipsos</a>^Sponsor: Reuters^,"1,034 A@@1034",0,45,46,-1
"2/6 - 2/11, 2025@@23783",<a href='https://eloncdn.blob.core.windows.net/eu3/sites/819/2025/02/Elon-University-Poll-topline-2-25-25.pdf'style='color:#000000; text-decoration: underline;'target='_blank' rel='nofollow noopener'>YouGov</a>^Sponsor: Elon University^,"1,000 A@@1000",0,45,41,4
"2/7 - 2/9, 2025@@23781",<a href='https://jlpartners.com/trump-tracker-february-2025'style='color:#000000; text-decoration: underline;'target='_blank' rel='nofollow noopener'>J.L. Partners</a>^Sponsor: Daily Mail^,"1,017 RV@@1017",0,46,40,6
"2/19 - 2/24, 2025@@23796",<a href='https://hoover.org/sites/default/files/2025-03/Crosstabs%20-%20Tariff%20Policy%20-%20Hoover%20Institution%20Survey.pdf?_gl=1*1qsu47j*_gcl_au*NzgxODA1ODkuMTc0MTM4OTE0NQ..*_ga*MTY2Nzg3Njc3OC4xNzQxMzg5MTQ1*_ga_0PJBLNCVZ1*MTc0MTM4OTE0NS4xLjEuMTc0MTM4OTE0NS42MC4wLjA.'style='color:#000000; text-decoration: underline;'target='_blank' rel='nofollow noopener'>YouGov</a>^Sponsor: Hoover Institution^,"1,645 A@@1645",0,47,42,5
"2/18 - 2/20, 2025@@23792",<a href='https://d3nkl3psvxxpe9.cloudfront.net/documents/News_Consumption_First_Followup_poll_results.pdf'style='color:#000000; text-decoration: underline;'target='_blank' rel='nofollow noopener'>YouGov</a>,"1,137 A@@1137",0,48,44,4
"2/13 - 2/17, 2025@@23789",<a href='https://s3.documentcloud.org/documents/25539589/cnn-poll-on-trumps-performance-so-far.pdf'style='color:#000000; text-decoration: underline;'target='_blank' rel='nofollow noopener'>SSRS</a>^Sponsor: CNN^,"1,206 A@@1206",0,47,52,-5
"2/24 - 2/26, 2025@@23798",<a href='https://maristpoll.marist.edu/polls/the-state-of-the-union-march-2025/'style='color:#000000; text-decoration: underline;'target='_blank' rel='nofollow noopener'>Marist College</a>^Sponsor: NPR | PBS News^,"1,694 A@@1694",0,45,49,-4
"3/5 - 3/11, 2025@@23811",<a href='https://www.rasmussenreports.com/public_content/politics/trump_administration_second_term/trump_approval_index_history_second_term'style='color:#000000; text-decoration: underline;'target='_blank' rel='nofollow noopener'>Rasmussen Reports</a>,"1,500 LV@@1500",0,51,47,4
"1/21 - 1/23, 2025@@23764",<a href='https://cdn.atlasintel.org/ed3f5238-e823-495e-a877-628217de9e68.pdf'style='color:#000000; text-decoration: underline;'target='_blank' rel='nofollow noopener'>AtlasIntel</a>,"1,882 A@@1882",0,50.1,49.7,0.3999977
"3/4 - 3/6, 2025@@23806",<a href='https://tippinsights.com/league-of-american-workers-poll-march-2025/#google_vignette'style='color:#000000; text-decoration: underline;'target='_blank' rel='nofollow noopener'>TIPP Insights</a>^Sponsor: League of American Workers^,"1,720 RV@@1720",0,43,48,-5
"1/31 - 2/6, 2025@@23778",<a href='https://static1.squarespace.com/static/61ae8d5e55be5c7314b4c83a/t/67aa57a7976e415c4d212706/1739216809584/Clarity+Omnibus+Overview+-+Jan_Feb+2025.pdf'style='color:#000000; text-decoration: underline;'target='_blank' rel='nofollow noopener'>Clarity Campaign Labs</a>,"1,102 RV@@1102",0,48,43,5
"2/27 - 3/5, 2025@@23805",<a href='https://www.rasmussenreports.com/public_content/politics/trump_administration_second_term/trump_approval_index_history_second_term 'style='color:#000000; text-decoration: underline;'target='_blank' rel='nofollow noopener'>Rasmussen Reports</a>,"1,500 LV@@1500",0,50,48,2
"3/6 - 3/9, 2025@@23809",<a href='https://s3.documentcloud.org/documents/25558091/cnn-poll-trumps-performance-and-economy.pdf'style='color:#000000; text-decoration: underline;'target='_blank' rel='nofollow noopener'>SSRS</a>^Sponsor: CNN^,"1,206 A@@1206",0,45,54,-9
"1/27 - 1/31, 2025@@23772",<a href='https://www.rasmussenreports.com/public_content/politics/trump_administration_second_term/trump_approval_index_history_second_term 'style='color:#000000; text-decoration: underline;'target='_blank' rel='nofollow noopener'>Rasmussen Reports</a>,"1,500 LV@@1500",0,52,45,7
"1/30 - 2/5, 2025@@23777",<a href='https://www.rasmussenreports.com/public_content/politics/trump_administration_second_term/trump_approval_index_history_second_term 'style='color:#000000; text-decoration: underline;'target='_blank' rel='nofollow noopener'>Rasmussen Reports</a>,"1,500 LV@@1500",0,51,45,6
"3/2 - 3/7, 2025@@23807",<a href='https://www.rasmussenreports.com/public_content/politics/trump_administration_second_term/trump_approval_index_history_second_term'style='color:#000000; text-decoration: underline;'target='_blank' rel='nofollow noopener'>Rasmussen Reports</a>,"1,500 LV@@1500",0,51,48,3
"2/13 - 2/18, 2025@@23790",<a href='https://www.washingtonpost.com/politics/2025/02/20/trump-poll-unpopular-post-ipsos/'style='color:#000000; text-decoration: underline;'target='_blank' rel='nofollow noopener'>Ipsos</a>^Sponsor: The Washington Post^,"2,601 A@@2601",0,45,53,-8
"1/27 - 2/5, 2025@@23777",<a href='https://law.marquette.edu/poll/2025/02/11/detailed-results-of-the-marquette-law-school-supreme-court-poll-jan-27-feb-5-2025-national-issues/'style='color:#000000; text-decoration: underline;'target='_blank' rel='nofollow noopener'>Marquette University Law School</a>,"1,063 A@@1063",0,48,52,-4
"2/19 - 2/24, 2025@@23796",<a href='https://hoover.org/sites/default/files/2025-03/Crosstabs%20-%20Tariff%20Policy%20-%20Hoover%20Institution%20Survey.pdf?_gl=1*1qsu47j*_gcl_au*NzgxODA1ODkuMTc0MTM4OTE0NQ..*_ga*MTY2Nzg3Njc3OC4xNzQxMzg5MTQ1*_ga_0PJBLNCVZ1*MTc0MTM4OTE0NS4xLjEuMTc0MTM4OTE0NS42MC4wLjA.'style='color:#000000; text-decoration: underline;'target='_blank' rel='nofollow noopener'>YouGov</a>^Sponsor: Hoover Institution^,"1,645 A@@1645",0,47,42,5
"2/13 - 2/17, 2025@@23789",<a href='https://poll.qu.edu/poll-release?releaseid=3919'style='color:#000000; text-decoration: underline;'target='_blank' rel='nofollow noopener'>Quinnipiac University</a>,"1,039 RV@@1039",0,45,49,-4
"2/18 - 2/21, 2025@@23793",<a href='https://napolitannews.org/posts/president-trump-job-approval-53-percent-approve-44-disapprove'style='color:#000000; text-decoration: underline;'target='_blank' rel='nofollow noopener'>RMG Research</a>^Sponsor: Napolitan News Service^,"3,000 RV@@3000",0,53,44,9
"1/27 - 2/1, 2025@@23773",<a href='https://www.aarp.org/content/dam/aarp/research/topics/voter-opinion-research/politics/federal-tax-package-legislative-priorities.doi.10.26419-2fres.00921.001.pdf'style='color:#000000; text-decoration: underline;'target='_blank' rel='nofollow noopener'>Fabrizio Lee & Associates/Impact Research</a>^Sponsor: AARP^,"3,000 RV@@3000",0,48,47,1
"3/3 - 3/9, 2025@@23809",<a href='https://static1.squarespace.com/static/61ae8d5e55be5c7314b4c83a/t/67d0921f11ba8d57a17670a9/1741722147070/Clarity+Omnibus+Overview+-+March+2025+PUBLIC.pdf'style='color:#000000; text-decoration: underline;'target='_blank' rel='nofollow noopener'>Clarity Campaign Labs</a>,"1,036 RV@@1036",0,50,46,4
"3/3 - 3/6, 2025@@23806",<a href='https://napolitannews.org/posts/president-trump-job-approval-51-percent-approve-47-disapprove'style='color:#000000; text-decoration: underline;'target='_blank' rel='nofollow noopener'>RMG Research</a>^Sponsor: Napolitan News Service^,"2,000 RV@@2000",0,51,47,4
"2/24 - 2/28, 2025@@23800",<a href='https://www.cnn.com/2025/03/02/politics/poll-trump-negative-congress-address'style='color:#000000; text-decoration: underline;'target='_blank' rel='nofollow noopener'>SSRS</a>^Sponsor: CNN^,"2,212 A@@2212",0,48,52,-4
"2/28 - 3/6, 2025@@23806",<a href='https://www.rasmussenreports.com/public_content/politics/trump_administration_second_term/trump_approval_index_history_second_term'style='color:#000000; text-decoration: underline;'target='_blank' rel='nofollow noopener'>Rasmussen Reports</a>,"1,500 LV@@1500",0,50,48,2
"3/8 - 3/10, 2025@@23810",<a href='https://thehill.com/homenews/administration/5187064-trump-approval-rating-drops/'style='color:#000000; text-decoration: underline;'target='_blank' rel='nofollow noopener'>Emerson College</a>,"1,000 RV@@1000",0,47.2,45,2.200001
"2/16 - 2/17, 2025@@23789",<a href='https://blueprint-research.com/polling/trump-dems-moment-3-6/'style='color:#000000; text-decoration: underline;'target='_blank' rel='nofollow noopener'>Blueprint Polling</a>,"1,383 RV@@1383",0,47,48,-1
"2/15 - 2/17, 2025@@23789",<a href='https://emersoncollegepolling.com/february-2025-national-poll-trump-presidential-approval-at-48-musk-doge-job-approval-at-41/'style='color:#000000; text-decoration: underline;'target='_blank' rel='nofollow noopener'>Emerson College</a>,"1,000 RV@@1000",0,47.8,42.2,5.599998
"2/26 - 2/28, 2025@@23800",<a href='https://tippinsights.com/voters-still-view-trump-favorably-but-remain-worried-about-economy-inflation-i-i-tipp-poll/'style='color:#000000; text-decoration: underline;'target='_blank' rel='nofollow noopener'>TIPP Insights</a>^Sponsor: Issues & Insights^,"1,434 A@@1434",0,46,43,3
"2/7 - 2/13, 2025@@23785",<a href='https://www.rasmussenreports.com/public_content/politics/trump_administration_second_term/trump_approval_index_history_second_term 'style='color:#000000; text-decoration: underline;'target='_blank' rel='nofollow noopener'>Rasmussen Reports</a>,"1,500 LV@@1500",0,54,44,10
"3/9 - 3/11, 2025@@23811",<a href='https://d3nkl3psvxxpe9.cloudfront.net/documents/econTabReport_ddjSlqx.pdf#page=35'style='color:#000000; text-decoration: underline;'target='_blank' rel='nofollow noopener'>YouGov</a>^Sponsor: Economist^,"1,699 A@@1699",0,47,47,0
"1/21 - 1/27, 2025@@23768",<a href='https://pro.morningconsult.com/trackers/global-leader-approval'style='color:#000000; text-decoration: underline;'target='_blank' rel='nofollow noopener'>Morning Consult</a>,"45,000 A@@45000",0,52.35,37.67,14.68
"2/14 - 2/16, 2025@@23788",<a href='https://pro.morningconsult.com/trackers/donald-trump-congress-policy-republicans-polling'style='color:#000000; text-decoration: underline;'target='_blank' rel='nofollow noopener'>Morning Consult</a>,"2,217 RV@@2217",0,50,47,3
"2/7 - 2/9, 2025@@23781",<a href='https://pro.morningconsult.com/trackers/donald-trump-congress-policy-republicans-polling'style='color:#000000; text-decoration: underline;'target='_blank' rel='nofollow noopener'>Morning Consult</a>,"2,230 RV@@2230",0,50,48,2
"2/6 - 2/12, 2025@@23784",<a href='https://www.rasmussenreports.com/public_content/politics/trump_administration_second_term/trump_approval_index_history_second_term 'style='color:#000000; text-decoration: underline;'target='_blank' rel='nofollow noopener'>Rasmussen Reports</a>,"1,500 LV@@1500",0,54,44,10
"2/10 - 2/14, 2025@@23786",<a href='https://napolitannews.org/posts/president-trump-job-approval-55-percent-approve-43-disapprove'style='color:#000000; text-decoration: underline;'target='_blank' rel='nofollow noopener'>RMG Research</a>^Sponsor: Napolitan News Service^,"3,000 RV@@3000",0,55,43,12
"3/4 - 3/10, 2025@@23810",<a href='https://www.rasmussenreports.com/public_content/politics/trump_administration_second_term/trump_approval_index_history_second_term'style='color:#000000; text-decoration: underline;'target='_blank' rel='nofollow noopener'>Rasmussen Reports</a>,"1,500 LV@@1500",0,50,48,2
"2/9 - 2/11, 2025@@23783",<a href='https://d3nkl3psvxxpe9.cloudfront.net/documents/econtoplines_Z51qCJt.pdf'style='color:#000000; text-decoration: underline;'target='_blank' rel='nofollow noopener'>YouGov</a>^Sponsor: Economist^,"1,595 A@@1595",0,46,48,-2
"3/6 - 3/12, 2025@@23812",<a href='https://www.rasmussenreports.com/public_content/politics/trump_administration_second_term/trump_approval_index_history_second_term'style='color:#000000; text-decoration: underline;'target='_blank' rel='nofollow noopener'>Rasmussen Reports</a>,"1,500 LV@@1500",0,52,47,5
"2/25 - 3/3, 2025@@23803",<a href='https://www.rasmussenreports.com/public_content/politics/trump_administration_second_term/trump_approval_index_history_second_term 'style='color:#000000; text-decoration: underline;'target='_blank' rel='nofollow noopener'>Rasmussen Reports</a>,"1,500 LV@@1500",0,50,48,2
"2/24 - 2/27, 2025@@23799",<a href='https://www.atlasintel.org/poll/usa-national-2025-02-28'style='color:#000000; text-decoration: underline;'target='_blank' rel='nofollow noopener'>AtlasIntel</a>,"2,849 A@@2849",0,50.3,49.7,0.5999985
"2/5 - 2/7, 2025@@23779",<a href='https://www.cbsnews.com/news/trump-approval-opinion-poll-2025-2-9/'style='color:#000000; text-decoration: underline;'target='_blank' rel='nofollow noopener'>YouGov</a>^Sponsor: CBS News^,"2,175 A@@2175",0,53,47,6
"1/23 - 1/27, 2025@@23768",<a href='https://poll.qu.edu/poll-release?releaseid=3918'style='color:#000000; text-decoration: underline;'target='_blank' rel='nofollow noopener'>Quinnipiac University</a>,"1,019 RV@@1019",0,46,43,3
"1/21 - 1/27, 2025@@23768",<a href='https://www.rasmussenreports.com/public_content/politics/trump_administration_second_term/trump_approval_index_history_second_term 'style='color:#000000; text-decoration: underline;'target='_blank' rel='nofollow noopener'>Rasmussen Reports</a>,"1,500 LV@@1500",0,52,44,8
"1/20 - 1/20, 2025@@23761",<a href='https://insideradvantage.com/first-insideradvantage-trump-job-performance-survey-approval-hits-fifty-six-percent-post-inaugural-address/'style='color:#000000; text-decoration: underline;'target='_blank' rel='nofollow noopener'>InsiderAdvantage</a>,800 RV@@800,0,56,39,17
"2/21 - 2/25, 2025@@23797",<a href='https://www.rasmussenreports.com/public_content/politics/trump_administration_second_term/trump_approval_index_history_second_term 'style='color:#000000; text-decoration: underline;'target='_blank' rel='nofollow noopener'>Rasmussen Reports</a>,"1,500 LV@@1500",0,50,48,2
"2/11 - 2/17, 2025@@23789",<a href='https://www.rasmussenreports.com/public_content/politics/trump_administration_second_term/trump_approval_index_history_second_term 'style='color:#000000; text-decoration: underline;'target='_blank' rel='nofollow noopener'>Rasmussen Reports</a>,"1,500 LV@@1500",0,52,46,6
"3/3 - 3/16, 2025@@23816",<a href='https://news.gallup.com/poll/658661/republicans-men-push-trump-approval-higher-second-term.aspx'style='color:#000000; text-decoration: underline;'target='_blank' rel='nofollow noopener'>Gallup</a>,"1,002 A@@1002",0,43,53,-10
"3/3 - 3/4, 2025@@23804",<a href='https://www.ipsos.com/en-us/three-five-americans-say-cost-living-going-wrong-direction'style='color:#000000; text-decoration: underline;'target='_blank' rel='nofollow noopener'>Ipsos</a>^Sponsor: Reuters^,"1,174 A@@1174",0,44,51,-7
"2/23 - 2/25, 2025@@23797",<a href='https://d3nkl3psvxxpe9.cloudfront.net/documents/econtoplines_7jv80Av.pdf'style='color:#000000; text-decoration: underline;'target='_blank' rel='nofollow noopener'>YouGov</a>^Sponsor: Economist^,"1,604 A@@1604",0,48,45,3
"2/17 - 2/21, 2025@@23793",<a href='https://www.rasmussenreports.com/public_content/politics/trump_administration_second_term/trump_approval_index_history_second_term 'style='color:#000000; text-decoration: underline;'target='_blank' rel='nofollow noopener'>Rasmussen Reports</a>,"1,500 LV@@1500",0,50,48,2
"2/20 - 2/26, 2025@@23798",<a href='https://www.rasmussenreports.com/public_content/politics/trump_administration_second_term/trump_approval_index_history_second_term 'style='color:#000000; text-decoration: underline;'target='_blank' rel='nofollow noopener'>Rasmussen Reports</a>,"1,500 LV@@1500",0,50,49,1
"2/22 - 2/26, 2025@@23798",<a href='https://projects.fivethirtyeight.com/polls/20250303_US_Bullfinch.pdf'style='color:#000000; text-decoration: underline;'target='_blank' rel='nofollow noopener'>The Bullfinch Group</a>^Sponsor: Independent Center^,"1,200 A@@1200",0,47,47,0
"3/5 - 3/6, 2025@@23806",<a href='https://insideradvantage.com/insideradvantage-trafalgar-group-national-survey-trump-approval-post-zelensky-meeting-and-address-to-congress-remains-up-by-five-points/'style='color:#000000; text-decoration: underline;'target='_blank' rel='nofollow noopener'>Trafalgar Group/Insider Advantage</a>,800 RV@@800,0,49.5,45.3,4.200001
"3/2 - 3/3, 2025@@23803",<a href='https://emersoncollegepolling.com/march-2025-national-poll/'style='color:#000000; text-decoration: underline;'target='_blank' rel='nofollow noopener'>Emerson College</a>,"1,000 RV@@1000",0,48,43.1,4.900002
"2/17 - 2/20, 2025@@23792",<a href='https://americanresearchgroup.com/economy/'style='color:#000000; text-decoration: underline;'target='_blank' rel='nofollow noopener'>American Research Group</a>,"1,100 A@@1100",0,43,51,-8
"2/26 - 3/4, 2025@@23804",<a href='https://www.rasmussenreports.com/public_content/politics/trump_administration_second_term/trump_approval_index_history_second_term 'style='color:#000000; text-decoration: underline;'target='_blank' rel='nofollow noopener'>Rasmussen Reports</a>,"1,500 LV@@1500",0,51,47,4
"1/31 - 2/6, 2025@@23778",<a href='https://www.rasmussenreports.com/public_content/politics/trump_administration_second_term/trump_approval_index_history_second_term 'style='color:#000000; text-decoration: underline;'target='_blank' rel='nofollow noopener'>Rasmussen Reports</a>,"1,500 LV@@1500",0,51,45,6
"2/27 - 3/5, 2025@@23805",<a href='https://pro.morningconsult.com/trackers/global-leader-approval'style='color:#000000; text-decoration: underline;'target='_blank' rel='nofollow noopener'>Morning Consult</a>,"45,000 A@@45000",0,48.74,44.66,4.080002
"2/24 - 2/28, 2025@@23800",<a href='https://www.rasmussenreports.com/public_content/politics/trump_administration_second_term/trump_approval_index_history_second_term 'style='color:#000000; text-decoration: underline;'target='_blank' rel='nofollow noopener'>Rasmussen Reports</a>,"1,500 LV@@1500",0,50,48,2
"2/3 - 2/6, 2025@@23778",<a href='https://napolitannews.org/posts/president-trump-job-approval-51-percent-approve-45-disapprove'style='color:#000000; text-decoration: underline;'target='_blank' rel='nofollow noopener'>RMG Research</a>^Sponsor: Napolitan News Service^,"3,000 RV@@3000",0,51,45,6
"2/19 - 2/25, 2025@@23797",<a href='https://www.rasmussenreports.com/public_content/politics/trump_administration_second_term/trump_approval_index_history_second_term 'style='color:#000000; text-decoration: underline;'target='_blank' rel='nofollow noopener'>Rasmussen Reports</a>,"1,500 LV@@1500",0,50,48,2
"2/14 - 2/18, 2025@@23790",<a href='https://d3nkl3psvxxpe9.cloudfront.net/documents/News_Consumption_poll_results_An53LUg.pdf'style='color:#000000; text-decoration: underline;'target='_blank' rel='nofollow noopener'>YouGov</a>,"1,135 A@@1135",0,46,46,0
"2/3 - 2/16, 2025@@23788",<a href='https://news.gallup.com/poll/656891/trump-job-approval-rating-congress-jumps.aspx'style='color:#000000; text-decoration: underline;'target='_blank' rel='nofollow noopener'>Gallup</a>,"1,004 A@@1004",0,45,51,-6
"1/25 - 1/28, 2025@@23769",<a href='https://coefficient.org/post-inauguration-study/'style='color:#000000; text-decoration: underline;'target='_blank' rel='nofollow noopener'>co/efficient</a>,"1,570 LV@@1570",0,52,47,5
"1/22 - 1/24, 2025@@23765",<a href='https://echeloninsights.com/in-the-news/dec-2024-verified-voter-omnibus-2/'style='color:#000000; text-decoration: underline;'target='_blank' rel='nofollow noopener'>Echelon Insights</a>,"1,024 LV@@1024",0,51,43,8
"1/22 - 1/28, 2025@@23769",<a href='https://www.rasmussenreports.com/public_content/politics/trump_administration_second_term/trump_approval_index_history_second_term 'style='color:#000000; text-decoration: underline;'target='_blank' rel='nofollow noopener'>Rasmussen Reports</a>,"1,500 LV@@1500",0,52,45,7
"1/31 - 2/3, 2025@@23775",<a href='https://pro.morningconsult.com/trackers/donald-trump-congress-policy-republicans-polling'style='color:#000000; text-decoration: underline;'target='_blank' rel='nofollow noopener'>Morning Consult</a>,"2,303 RV@@2303",0,49,47,2
"2/28 - 3/2, 2025@@23802",<a href='https://pro.morningconsult.com/trackers/donald-trump-congress-policy-republicans-polling'style='color:#000000; text-decoration: underline;'target='_blank' rel='nofollow noopener'>Morning Consult</a>,"2,229 RV@@2229",0,49,48,1
"2/24 - 2/28, 2025@@23800",<a href='https://napolitannews.org/posts/president-trump-job-approval-53-percent-approve-45-disapprove'style='color:#000000; text-decoration: underline;'target='_blank' rel='nofollow noopener'>RMG Research</a>^Sponsor: Napolitan News Service^,"3,000 RV@@3000",0,53,45,8
"1/27 - 1/31, 2025@@23772",<a href='https://napolitannews.org/posts/president-trump-job-approval-53-percent-approve-43-disapprove'style='color:#000000; text-decoration: underline;'target='_blank' rel='nofollow noopener'>RMG Research</a>^Sponsor: Napolitan News Service^,"4,000 RV@@4000",0,53,43,10
"2/20 - 2/24, 2025@@23796",<a href='https://navigatorresearch.org/wp-content/uploads/2025/02/Navigator-Topline-F02.24.25.pdf'style='color:#000000; text-decoration: underline;'target='_blank' rel='nofollow noopener'>Global Strategy Group/GBAO (Navigator Research)</a>,"1,000 RV@@1000",0,48,49,-1
"1/26 - 1/28, 2025@@23769",<a href='https://d3nkl3psvxxpe9.cloudfront.net/documents/econtoplines_HmzVWgj.pdf'style='color:#000000; text-decoration: underline;'target='_blank' rel='nofollow noopener'>YouGov</a>^Sponsor: Economist^,"1,577 A@@1577",0,49,43,6
"2/2 - 2/4, 2025@@23776",<a href='https://d3nkl3psvxxpe9.cloudfront.net/documents/econtoplines_c1AfT3R.pdf'style='color:#000000; text-decoration: underline;'target='_blank' rel='nofollow noopener'>YouGov</a>^Sponsor: Economist^,"1,604 A@@1604",0,46,44,2
"2/13 - 2/18, 2025@@23790",<a href='https://www.reuters.com/world/us/trumps-approval-rating-slips-americans-worry-about-economy-2025-02-19/'style='color:#000000; text-decoration: underline;'target='_blank' rel='nofollow noopener'>Ipsos</a>^Sponsor: Reuters^,"4,145 A@@4145",0,44,51,-7
"3/7 - 3/11, 2025@@23811",<a href='https://www.documentcloud.org/documents/25569109-nbc-march-2025-poll-3-16-2025-release/'style='color:#000000; text-decoration: underline;'target='_blank' rel='nofollow noopener'>Hart Research Associates/Public Opinion Strategies</a>^Sponsor: NBC News^,"1,000 RV@@1000",0,47,51,-4
"1/27 - 1/28, 2025@@23769",<a href='https://emersoncollegepolling.com/january-2025-national-poll-trump-starts-term-with-49-approval-41-disapproval-rating/'style='color:#000000; text-decoration: underline;'target='_blank' rel='nofollow noopener'>Emerson College</a>,"1,000 RV@@1000",0,48.5,41.2,7.299999
"1/23 - 1/29, 2025@@23770",<a href='https://www.rasmussenreports.com/public_content/politics/trump_administration_second_term/trump_approval_index_history_second_term 'style='color:#000000; text-decoration: underline;'target='_blank' rel='nofollow noopener'>Rasmussen Reports</a>,"1,500 LV@@1500",0,50,47,3
"2/7 - 2/9, 2025@@23781",<a href='https://www.thetrafalgargroup.org/wp-content/uploads/2025/02/National-25-Trump-Approval-Full-Report-0210.pdf'style='color:#000000; text-decoration: underline;'target='_blank' rel='nofollow noopener'>Trafalgar Group/Insider Advantage</a>,"1,321 RV@@1321",0,53.9,45.3,8.600002
"1/20 - 1/21, 2025@@23762",<a href='https://www.ipsos.com/en-us/reuters-ipsos-trump-inauguration-survey'style='color:#000000; text-decoration: underline;'target='_blank' rel='nofollow noopener'>Ipsos</a>^Sponsor: Reuters^,"1,077 A@@1077",0,47,41,6
"2/13 - 2/16, 2025@@23788",<a href='https://www.surveyusa.com/client/PollReport.aspx?g=326a263b-3dbc-4280-9c0c-95187bdbf20c'style='color:#000000; text-decoration: underline;'target='_blank' rel='nofollow noopener'>SurveyUSA</a>,"2,000 A@@2000",0,51,45,6
"3/4 - 3/7, 2025@@23807",<a href='https://americasnewmajorityproject.com/wp-content/uploads/2025/03/20250307-NationalANMP-Topline.pdf'style='color:#000000; text-decoration: underline;'target='_blank' rel='nofollow noopener'>McLaughlin & Associates</a>^Sponsor: America's New Majority Project^,"2,000 RV@@2000",0,50.4,49.6,0.8000031
"2/28 - 3/3, 2025@@23803",<a href='https://civiqs.com/reports/2025/03/04/report-americans-agree-russia-is-responsible-for-the-war'style='color:#000000; text-decoration: underline;'target='_blank' rel='nofollow noopener'>Civiqs</a>^Sponsor: Daily Kos^,"1,031 RV@@1031",0,48,52,-4
"1/30 - 2/3, 2025@@23775",<a href='https://navigatorresearch.org/while-three-in-four-americans-see-trump-as-bringing-change-to-government-only-two-in-five-view-this-change-as-positive/'style='color:#000000; text-decoration: underline;'target='_blank' rel='nofollow noopener'>Global Strategy Group/GBAO (Navigator Research)</a>,"1,000 RV@@1000",0,49,47,2
"3/7 - 3/9, 2025@@23809",<a href='https://pro.morningconsult.com/trackers/donald-trump-congress-policy-republicans-polling'style='color:#000000; text-decoration: underline;'target='_blank' rel='nofollow noopener'>Morning Consult</a>,"2,219 RV@@2219",0,49,49,0
"2/4 - 2/5, 2025@@23777",<a href='https://www.cygn.al/poll-trump-winning-over-black-men-dei-skeptics-and-border-hawks-as-democrats-lose-ground/'style='color:#000000; text-decoration: underline;'target='_blank' rel='nofollow noopener'>Cygnal</a>,"1,500 LV@@1500",0,49.8,47.5,2.299999
"1/27 - 2/2, 2025@@23774",<a href='https://www.pewresearch.org/politics/2025/02/07/public-anticipates-changes-with-trump-but-is-split-over-whether-they-will-be-good-or-bad/'style='color:#000000; text-decoration: underline;'target='_blank' rel='nofollow noopener'>Pew Research Center</a>,"5,086 A@@5086",0,47,51,-4
"2/14 - 2/20, 2025@@23792",<a href='https://www.rasmussenreports.com/public_content/politics/trump_administration_second_term/trump_approval_index_history_second_term 'style='color:#000000; text-decoration: underline;'target='_blank' rel='nofollow noopener'>Rasmussen Reports</a>,"1,500 LV@@1500",0,51,47,4
"2/26 - 2/28, 2025@@23800",<a href='https://www.cbsnews.com/news/trump-elon-musk-government-workforce-cuts-opinion-poll-2025-03-02/'style='color:#000000; text-decoration: underline;'target='_blank' rel='nofollow noopener'>YouGov</a>^Sponsor: CBS News^,"2,311 A@@2311",0,51,49,2
"2/11 - 2/18, 2025@@23790",<a href='https://mclaughlinonline.com/pols/wp-content/uploads/2025/02/National-February-Presentation-RELEASE-02-18-25.pdf'style='color:#000000; text-decoration: underline;'target='_blank' rel='nofollow noopener'>McLaughlin & Associates</a>,"1,000 LV@@1000",0,51,46,5
"2/10 - 2/13, 2025@@23785",<a href='https://echeloninsights.com/in-the-news/feb-2025-verified-voter-omnibus-2-2/'style='color:#000000; text-decoration: underline;'target='_blank' rel='nofollow noopener'>Echelon Insights</a>,"1,010 LV@@1010",0,52,46,6
"2/21 - 2/24, 2025@@23796",<a href='https://pro.morningconsult.com/trackers/donald-trump-congress-policy-republicans-polling'style='color:#000000; text-decoration: underline;'target='_blank' rel='nofollow noopener'>Morning Consult</a>,"2,225 RV@@2225",0,50,47,3
"2/24 - 3/2, 2025@@23802",<a href='https://drive.google.com/file/d/1psgeNBsAPSV3-diBTaAIE4_wiFjYwk5y/view'style='color:#000000; text-decoration: underline;'target='_blank' rel='nofollow noopener'>The Justice Research Fund</a>^Sponsor: Working Families Power^,"2,049 RV@@2049",0,47,50,-3
"2/13 - 2/19, 2025@@23791",<a href='https://www.rasmussenreports.com/public_content/politics/trump_administration_second_term/trump_approval_index_history_second_term 'style='color:#000000; text-decoration: underline;'target='_blank' rel='nofollow noopener'>Rasmussen Reports</a>,"1,500 LV@@1500",0,52,47,5
"2/18 - 2/24, 2025@@23796",<a href='https://www.rasmussenreports.com/public_content/politics/trump_administration_second_term/trump_approval_index_history_second_term 'style='color:#000000; text-decoration: underline;'target='_blank' rel='nofollow noopener'>Rasmussen Reports</a>,"1,500 LV@@1500",0,51,48,3
"2/25 - 3/2, 2025@@23802",<a href='https://paragoninstitute.org/medicaid/paragon-health-policy-survey-2025/'style='color:#000000; text-decoration: underline;'target='_blank' rel='nofollow noopener'>Public Opinion Strategies</a>^Sponsor: Paragon Health Institute^,"1,000 RV@@1000",0,51,49,2
"1/29 - 2/4, 2025@@23776",<a href='https://www.rasmussenreports.com/public_content/politics/trump_administration_second_term/trump_approval_index_history_second_term 'style='color:#000000; text-decoration: underline;'target='_blank' rel='nofollow noopener'>Rasmussen Reports</a>,"1,500 LV@@1500",0,51,45,6
"1/20 - 1/23, 2025@@23764",<a href='https://x.com/ScottWRasmussen/status/1882804554187538650'style='color:#000000; text-decoration: underline;'target='_blank' rel='nofollow noopener'>RMG Research</a>^Sponsor: Napolitan News Service^,"3,000 RV@@3000",0,57,39,18
"1/28 - 2/3, 2025@@23775",<a href='https://www.rasmussenreports.com/public_content/politics/trump_administration_second_term/trump_approval_index_history_second_term 'style='color:#000000; text-decoration: underline;'target='_blank' rel='nofollow noopener'>Rasmussen Reports</a>,"1,500 LV@@1500",0,52,45,7
"3/6 - 3/10, 2025@@23810",<a href='https://poll.qu.edu/poll-release?releaseid=3921'style='color:#000000; text-decoration: underline;'target='_blank' rel='nofollow noopener'>Quinnipiac University</a>,"1,198 RV@@1198",0,42,53,-11
"2/21 - 2/23, 2025@@23795",<a href='https://www.reuters.com/world/us/trump-approval-rating-holds-steady-44-reutersipsos-poll-finds-2025-02-25/'style='color:#000000; text-decoration: underline;'target='_blank' rel='nofollow noopener'>Ipsos</a>^Sponsor: Reuters^,"1,029 A@@1029",0,44,50,-6
"2/10 - 2/14, 2025@@23786",<a href='https://www.rasmussenreports.com/public_content/politics/trump_administration_second_term/trump_approval_index_history_second_term 'style='color:#000000; text-decoration: underline;'target='_blank' rel='nofollow noopener'>Rasmussen Reports</a>,"1,500 LV@@1500",0,53,45,8
"2/3 - 2/7, 2025@@23779",<a href='https://www.rasmussenreports.com/public_content/politics/trump_administration_second_term/trump_approval_index_history_second_term 'style='color:#000000; text-decoration: underline;'target='_blank' rel='nofollow noopener'>Rasmussen Reports</a>,"1,500 LV@@1500",0,52,45,7
"2/5 - 2/11, 2025@@23783",<a href='https://www.rasmussenreports.com/public_content/politics/trump_administration_second_term/trump_approval_index_history_second_term 'style='color:#000000; text-decoration: underline;'target='_blank' rel='nofollow noopener'>Rasmussen Reports</a>,"1,500 LV@@1500",0,53,45,8
"3/6 - 3/13, 2025@@23813",<a href='https://napolitannews.org/posts/president-trump-job-approval-54-percent-approve-44-disapprove'style='color:#000000; text-decoration: underline;'target='_blank' rel='nofollow noopener'>RMG Research</a>^Sponsor: Napolitan News Service^,"3,000 RV@@3000",0,54,44,10
"3/7 - 3/12, 2025@@23812",<a href='https://atlasintel.org/poll/usa-national-2025-03-17'style='color:#000000; text-decoration: underline;'target='_blank' rel='nofollow noopener'>AtlasIntel</a>,"2,550 A@@2550",0,47.3,52.4,-5.100002
"2/15 - 2/17, 2025@@23789",<a href='https://coefficient.org/doge-part-1/'style='color:#000000; text-decoration: underline;'target='_blank' rel='nofollow noopener'>co/efficient</a>,"2,063 LV@@2063",0,48,48,0
"1/29 - 1/31, 2025@@23772",<a href='https://tippinsights.com/the-art-of-the-comeback-tipp-poll-shows-trumps-strong-start-energizes-core-voters/'style='color:#000000; text-decoration: underline;'target='_blank' rel='nofollow noopener'>TIPP Insights</a>,"1,478 A@@1478",0,46,41,5
"3/5 - 3/7, 2025@@23807",<a href='https://www.dailymail.co.uk/news/article-14482029/Trumps-latest-approval-rating-50-days-revealed-issue-destroy-presidency.html'style='color:#000000; text-decoration: underline;'target='_blank' rel='nofollow noopener'>J.L. Partners</a>^Sponsor: Daily Mail^,"1,019 RV@@1019",0,45,46,-1
"1/21 - 1/27, 2025@@23768",<a href='https://news.gallup.com/poll/655955/trump-inaugural-approval-rating-historically-low-again.aspx'style='color:#000000; text-decoration: underline;'target='_blank' rel='nofollow noopener'>Gallup</a>,"1,001 A@@1001",0,47,48,-1
"2/28 - 3/1, 2025@@23801",<a href='https://johnzogbystrategies.com/03-03-25-new-zogby-strategies-poll-on-trump-the-democrats-first-40-days/'style='color:#000000; text-decoration: underline;'target='_blank' rel='nofollow noopener'>John Zogby Strategies</a>,"1,001 V@@1001",0,47.7,47.5,0.2000008
"1/20 - 1/24, 2025@@23765",<a href='https://www.rasmussenreports.com/public_content/politics/trump_administration_second_term/trump_approval_index_history_second_term 'style='color:#000000; text-decoration: underline;'target='_blank' rel='nofollow noopener'>Rasmussen Reports</a>,"1,500 LV@@1500",0,52,43,9
"3/1 - 3/4, 2025@@23804",<a href='https://d3nkl3psvxxpe9.cloudfront.net/documents/econTabReport_uHE5Cxl.pdf'style='color:#000000; text-decoration: underline;'target='_blank' rel='nofollow noopener'>YouGov</a>^Sponsor: Economist^,"1,638 A@@1638",0,48,46,2
"3/7 - 3/13, 2025@@23813",<a href='https://www.rasmussenreports.com/public_content/politics/trump_administration_second_term/trump_approval_index_history_second_term'style='color:#000000; text-decoration: underline;'target='_blank' rel='nofollow noopener'>Rasmussen Reports</a>,"1,500 LV@@1500",0,52,47,5
"1/22 - 1/27, 2025@@23768",<a href='https://mclaughlinonline.com/pols/wp-content/uploads/2025/01/National-January-Presentation-RELEASE-01-28-25.pdf'style='color:#000000; text-decoration: underline;'target='_blank' rel='nofollow noopener'>McLaughlin & Associates</a>,"1,000 LV@@1000",0,52,43,9
"2/19 - 2/20, 2025@@23792",<a href='https://harvardharrispoll.com/wp-content/uploads/2025/02/HHP_Feb2025_vFinal.pdf'style='color:#000000; text-decoration: underline;'target='_blank' rel='nofollow noopener'>Harris Insights & Analytics</a>^Sponsor: Harvard CAPS^,"2,443 RV@@2443",0,52,43,9
"2/12 - 2/18, 2025@@23790",<a href='https://www.rasmussenreports.com/public_content/politics/trump_administration_second_term/trump_approval_index_history_second_term 'style='color:#000000; text-decoration: underline;'target='_blank' rel='nofollow noopener'>Rasmussen Reports</a>,"1,500 LV@@1500",0,53,45,8
"2/18 - 2/20, 2025@@23792",<a href='https://netchoice.org/new-poll-79-of-voters-think-us-tech-companies-are-key-to-american-global-leadership/'style='color:#000000; text-decoration: underline;'target='_blank' rel='nofollow noopener'>Echelon Insights</a>^Sponsor: NetChoice^,"1,006 LV@@1006",0,48,49,-1
"2/16 - 2/18, 2025@@23790",<a href='https://d3nkl3psvxxpe9.cloudfront.net/documents/econtoplines_KfNmvTk.pdf'style='color:#000000; text-decoration: underline;'target='_blank' rel='nofollow noopener'>YouGov</a>^Sponsor: Economist^,"1,603 A@@1603",0,50,45,5
"1/24 - 1/30, 2025@@23771",<a href='https://www.rasmussenreports.com/public_content/politics/trump_administration_second_term/trump_approval_index_history_second_term 'style='color:#000000; text-decoration: underline;'target='_blank' rel='nofollow noopener'>Rasmussen Reports</a>,"1,500 LV@@1500",0,52,45,7
"2/4 - 2/10, 2025@@23782",<a href='https://www.rasmussenreports.com/public_content/politics/trump_administration_second_term/trump_approval_index_history_second_term 'style='color:#000000; text-decoration: underline;'target='_blank' rel='nofollow noopener'>Rasmussen Reports</a>,"1,500 LV@@1500",0,53,45,8